DATE,TIME,"TEMP C","GUST mph",DIR,"AVG mph","HUM %","BARO mb","TREND mb","RAIN DAY mm","RAIN MTH mm","SOLAR W/m2",UV,WEATHER
2018-12-01,00:00:00,7.7,6,SW,4.4,88,1009.9,0.3,0,0,0,0,night_time/dry
2018-12-01,00:30:00,7.8,9,SW,5.4,88,1009.2,-0.6,0,0,0,0,night_time/dry
2018-12-01,01:00:00,8.1,10,SW,4.7,89,1008.7,-1.2,0,0,0,0,night_time/dry
2018-12-01,01:30:00,8.2,6,SW,5.5,87,1008.5,-0.7,0,0,0,0,night_time/dry
2018-12-01,02:00:00,8.4,9,SSW,4.9,87,1008.4,-0.3,0,0,0,0,night_time/dry
2018-12-01,03:00:00,8.7,5,SW,1.6,88,1007.5,-0.9,0,0,0,0,night_time/dry
2018-12-01,03:30:00,8.8,5,S,2,90,1006.9,-1.2,0.2,0.2,0,0,night_time/raining_lightly
2018-12-01,04:00:00,8.8,4,SSE,0.7,91,1006.3,-1.2,0.2,0.2,0,0,night_time/dry
2018-12-01,04:30:00,8.9,9,SW,3.9,92,1005.7,-1.2,0.2,0.2,0,0,night_time/dry
2018-12-01,05:00:00,9.1,6,SSE,3.6,92,1005.3,-1.1,0.4,0.4,0,0,night_time/raining_lightly
2018-12-01,05:30:00,8.9,5,SSE,2.5,93,1004.6,-1.2,0.6,0.6,0,0,night_time/rain_has_stopped
2018-12-01,06:00:00,8.8,13,S,5.9,93,1004,-1.3,2.6,2.6,0,0,night_time/raining_moderately
2018-12-01,06:30:00,8.8,10,ESE,6.1,94,1003.3,-1.3,4,4,0,0,night_time/raining_lightly
2018-12-01,07:00:00,9.1,13,SE,7.9,95,1002.3,-1.7,5.2,5.2,0,0,night_time/raining_lightly
2018-12-01,07:30:00,9.4,12,SE,5.8,95,1001.5,-1.7,6.4,6.4,0,0,dawn/raining
2018-12-01,08:00:00,9.7,12,SE,8.4,96,1001,-1.4,6.8,6.8,0,0,dawn/rain_has_stopped
2018-12-01,08:30:00,10.1,12,S,7.2,96,1000.3,-1.3,7,7,5,0,mainly_cloudy/rain_has_stopped
2018-12-01,09:00:00,10.3,8,S,4.6,96,1000.3,-0.7,7,7,9,0,overcast/dry
2018-12-01,09:30:00,10.6,8,SSE,4,96,999.7,-0.5,7,7,23,0,mainly_cloudy/dry
2018-12-01,10:00:00,10.9,7,S,3.5,96,999.6,-0.7,7.2,7.2,39,0,mainly_cloudy/rain_has_stopped
2018-12-01,10:30:00,11.4,7,S,5.1,96,999.4,-0.3,7.2,7.2,47,0,mainly_cloudy/dry
2018-12-01,11:00:00,12,7,WSW,5.5,96,999.4,-0.1,7.2,7.2,104,0.5,cloudy/dry
2018-12-01,11:30:00,12.5,8,WSW,1.4,96,999.6,0.2,7.2,7.2,63,0,mainly_cloudy/dry
2018-12-01,12:00:00,12.7,8,W,3.9,96,999.3,-0.1,7.2,7.2,72,0,overcast/dry
2018-12-01,12:30:00,12.6,9,WSW,4.8,96,999.4,-0.3,7.4,7.4,113,0.5,cloudy/raining_lightly
2018-12-01,13:00:00,12.2,7,WSW,6.3,96,999.1,-0.2,7.4,7.4,47,0,overcast/rain_has_stopped
2018-12-01,13:30:00,12.1,5,SW,4.1,95,999.2,-0.2,7.4,7.4,72,0,cloudy/dry
2018-12-01,14:00:00,11.9,8,WSW,2.9,95,999.1,-0.1,7.4,7.4,60,0,cloudy/dry
2018-12-01,14:30:00,11.7,5,WNW,6,95,999,-0.2,7.4,7.4,18,0,overcast/dry
2018-12-01,15:00:00,11.4,12,W,4.9,94,999.1,0,7.4,7.4,33,0,cloudy/dry
2018-12-01,15:30:00,11.3,6,WSW,8.2,93,999.4,0.4,7.4,7.4,9,0,overcast/dry
2018-12-01,16:00:00,11.2,5,W,5.6,93,999.1,0.2,7.4,7.4,0,0,dusk/dry
2018-12-01,16:30:00,11.2,4,WSW,3.7,93,999.4,0,7.4,7.4,0,0,dusk/dry
2018-12-01,17:00:00,11.2,4,SW,3.8,92,999.1,0,7.4,7.4,0,0,night_time/dry
2018-12-01,17:30:00,11,8,WSW,4.4,92,999.2,-0.2,7.4,7.4,0,0,night_time/dry
2018-12-01,18:00:00,10.9,4,WSW,1.8,92,999.1,0,7.4,7.4,0,0,night_time/dry
2018-12-01,18:30:00,10.9,9,SW,3.3,91,998.8,-0.4,7.4,7.4,0,0,night_time/dry
2018-12-01,19:00:00,10.8,5,SSW,2.5,91,998.8,-0.3,7.4,7.4,0,0,night_time/dry
2018-12-01,19:30:00,10.7,6,SW,5.5,91,998.5,-0.2,7.4,7.4,0,0,night_time/dry
2018-12-01,20:00:00,10.7,9,SW,5.8,91,998.5,-0.3,7.4,7.4,0,0,night_time/dry
2018-12-01,20:30:00,10.8,8,SW,4.4,90,998.4,-0.1,7.4,7.4,0,0,night_time/dry
2018-12-01,21:00:00,10.8,4,SSW,2.1,92,997.4,-1,7.4,7.4,0,0,night_time/dry
2018-12-01,21:30:00,10.7,8,SW,2.9,92,997,-1.5,7.4,7.4,0,0,night_time/dry
2018-12-01,22:00:00,10.7,5,SW,1.7,93,996.8,-0.6,8,8,0,0,night_time/raining_lightly
2018-12-01,22:30:00,10.7,5,SSE,2,93,996.1,-0.8,9.4,9.4,0,0,night_time/raining
2018-12-01,23:00:00,10.9,6,SSE,2.9,94,995.8,-1,9.8,9.8,0,0,night_time/raining_lightly
2018-12-01,23:30:00,11.2,5,SSW,1.4,95,995.6,-0.6,9.8,9.8,0,0,night_time/dry
2018-12-02,00:00:00,12.2,10,W,5.4,96,995.5,-0.3,0,10,0,0,night_time/rain_has_stopped
2018-12-02,00:30:00,12.6,12,W,4.3,96,995.4,-0.2,0.6,10.6,0,0,night_time/raining_lightly
2018-12-02,01:00:00,12.7,9,S,4.1,96,995.2,-0.2,1.6,11.6,0,0,night_time/raining
2018-12-02,01:30:00,12.8,9,SW,4.5,96,995.1,-0.3,2.4,12.4,0,0,night_time/raining_lightly
2018-12-02,02:00:00,12.9,10,SW,4.9,96,995.2,-0.1,2.6,12.6,0,0,night_time/rain_has_stopped
2018-12-02,03:00:00,12.7,15,W,8.4,96,995.5,0.3,3,13,0,0,night_time/dry
2018-12-02,03:30:00,12.7,15,SSW,9.1,96,995.4,0,3,13,0,0,night_time/windy
2018-12-02,04:00:00,12.6,14,W,8.6,96,995.3,-0.2,3.2,13.2,0,0,night_time/raining_lightly
2018-12-02,04:30:00,12.4,16,W,7.1,96,995.6,0.1,3.2,13.2,0,0,night_time/dry
2018-12-02,05:00:00,12.3,9,W,8.9,96,995.9,0.5,3.2,13.2,0,0,night_time/dry
2018-12-02,05:30:00,12.3,16,WNW,7.5,96,996.1,0.5,3.2,13.2,0,0,night_time/dry
2018-12-02,06:00:00,12.2,16,W,7.5,96,996.4,0.6,3.2,13.2,0,0,night_time/dry
2018-12-02,06:30:00,12.3,12,SE,7,96,996.6,0.4,3.2,13.2,0,0,night_time/dry
2018-12-02,07:00:00,12.1,12,W,7.9,96,996.9,0.4,3.2,13.2,0,0,night_time/dry
2018-12-02,07:30:00,11.9,20,W,9.7,96,997.2,0.7,3.2,13.2,0,0,dawn/dry
2018-12-02,08:00:00,11.9,12,W,6.8,96,997.4,0.6,3.2,13.2,0,0,dawn/dry
2018-12-02,08:30:00,12.1,10,WSW,2.8,96,997.7,0.3,3.6,13.6,9,0,cloudy/raining_lightly
2018-12-02,09:00:00,12.2,13,W,7.7,96,997.9,0.4,3.8,13.8,16,0,cloudy/rain_has_stopped
2018-12-02,09:30:00,11.9,15,WNW,6.4,96,998,0.4,3.8,13.8,70,0,partly_cloudy/dry
2018-12-02,10:00:00,12.2,10,WNW,5.8,96,998,0.1,3.8,13.8,39,0,mainly_cloudy/dry
2018-12-02,10:30:00,12.2,10,SW,4.5,96,998.5,0.4,3.8,13.8,46,0,mainly_cloudy/dry
2018-12-02,11:00:00,12.4,8,NW,9.3,94,998.5,0.5,3.8,13.8,53,0,mainly_cloudy/dry
2018-12-02,11:30:00,12.6,13,WNW,5.3,93,998.6,0.1,3.8,13.8,35,0,overcast/dry
2018-12-02,12:00:00,12.3,7,WSW,4,94,998.4,-0.1,4,14,77,0.5,mainly_cloudy/raining_lightly
2018-12-02,12:30:00,12.4,7,W,2,94,998.4,-0.2,4,14,81,0,mainly_cloudy/dry
2018-12-02,13:00:00,12.7,9,WSW,6,94,998.2,-0.1,4,14,58,0,overcast/dry
2018-12-02,13:30:00,12.6,8,WSW,3.5,94,998.1,-0.4,4,14,37,0,overcast/dry
2018-12-02,14:00:00,12.3,7,SSW,2.5,94,997.7,-0.7,4.2,14.2,18,0,overcast/rain_has_stopped
2018-12-02,14:30:00,12.4,8,SSW,3.6,95,997.5,-0.4,4.2,14.2,5,0,overcast/dry
2018-12-02,15:00:00,12.7,9,S,4.4,95,997.5,-0.1,4.6,14.6,14,0,overcast/raining_lightly
2018-12-02,15:30:00,12.8,8,SW,2.5,95,997.4,-0.2,4.6,14.6,5,0,overcast/dry
2018-12-02,16:00:00,12.8,10,WSW,4.5,95,997.1,-0.4,4.6,14.6,0,0,dusk/dry
2018-12-02,16:30:00,12.9,9,WSW,3.8,94,997.3,-0.1,4.6,14.6,0,0,dusk/dry
2018-12-02,17:00:00,12.9,8,WSW,6,94,997.1,0,5,15,0,0,night_time/rain_has_stopped
2018-12-02,17:30:00,12.9,10,WSW,3.6,95,997.1,-0.2,6,16,0,0,night_time/raining
2018-12-02,18:00:00,12.9,8,WSW,7.8,95,997.2,0.1,8.2,18.2,0,0,night_time/raining_moderately
2018-12-02,18:30:00,12.7,13,WSW,4,95,997.3,0.2,8.4,18.4,0,0,night_time/rain_has_stopped
2018-12-02,19:00:00,12.6,20,NW,7.6,95,997.3,0.2,8.6,18.6,0,0,night_time/rain_has_stopped
2018-12-02,19:30:00,12.4,17,W,5.8,95,997.5,0.1,8.6,18.6,0,0,night_time/dry
2018-12-02,20:00:00,12.4,12,WSW,9.1,94,997.4,0.1,8.6,18.6,0,0,night_time/dry
2018-12-02,20:30:00,12.4,17,W,9.5,93,997.5,0.2,8.6,18.6,0,0,night_time/dry
2018-12-02,21:00:00,12.4,13,W,8.2,93,998,0.5,8.6,18.6,0,0,night_time/dry
2018-12-02,21:30:00,12.3,14,W,8.4,92,998.1,0.6,8.6,18.6,0,0,night_time/dry
2018-12-02,22:00:00,12.2,7,W,4.9,91,998.3,0.4,8.6,18.6,0,0,night_time/dry
2018-12-02,22:30:00,11.9,17,SW,8.6,91,998.2,0.1,8.6,18.6,0,0,night_time/dry
2018-12-02,23:00:00,11.8,17,W,7.8,91,998.4,0.2,8.6,18.6,0,0,night_time/dry
2018-12-02,23:30:00,11.8,14,W,6.6,90,998.9,0.6,8.6,18.6,0,0,night_time/dry
2018-12-03,00:00:00,11.8,21,WSW,7.7,89,999.1,0.6,0,18.6,0,0,night_time/windy
2018-12-03,00:30:00,11.6,13,WNW,9.2,90,999.1,0.2,0,18.6,0,0,night_time/dry
2018-12-03,01:00:00,11.4,16,WSW,11.2,90,998.8,-0.4,0,18.6,0,0,night_time/dry
2018-12-03,01:30:00,11.4,14,WSW,7.7,91,998.7,-0.4,0,18.6,0,0,night_time/dry
2018-12-03,02:00:00,11.4,13,W,7.8,91,999,0.2,0,18.6,0,0,night_time/dry
2018-12-03,03:00:00,11.4,12,WSW,7.2,91,999.1,0.1,0,18.6,0,0,night_time/dry
2018-12-03,03:30:00,11.3,8,W,6.1,91,998.9,-0.2,0,18.6,0,0,night_time/dry
2018-12-03,04:00:00,11.3,12,SW,4.8,90,998.4,-0.6,0,18.6,0,0,night_time/dry
2018-12-03,04:30:00,11.3,10,SSW,5.4,91,998.1,-0.8,0,18.6,0,0,night_time/dry
2018-12-03,05:00:00,11.4,12,SW,3.6,90,997.7,-0.8,0,18.6,0,0,night_time/dry
2018-12-03,05:30:00,11.5,8,SSW,3.6,90,997.5,-0.6,0,18.6,0,0,night_time/dry
2018-12-03,06:00:00,11.7,5,SSW,4.7,90,997.2,-0.5,0,18.6,0,0,night_time/dry
2018-12-03,06:30:00,11.5,12,W,4.8,90,996.8,-0.8,0,18.6,0,0,night_time/dry
2018-12-03,07:00:00,11.6,13,SW,6.6,91,996.9,-0.3,0.2,18.8,0,0,night_time/dry
2018-12-03,07:30:00,11.4,15,SW,5.4,93,996.4,-0.3,0.6,19.2,0,0,night_time/raining_lightly
2018-12-03,08:00:00,11.4,8,SW,7.7,93,996.4,-0.4,0.8,19.4,14,0,dawn/raining_lightly
2018-12-03,08:30:00,11.3,8,WSW,3.5,94,996.2,-0.2,3.4,22,5,0,cloudy/raining_moderately
2018-12-03,09:00:00,11.2,7,W,3.9,94,996.9,0.4,3.6,22.2,5,0,overcast/rain_has_stopped
2018-12-03,09:30:00,10.6,7,WSW,4.1,94,996.9,0.6,4.4,23,32,0,overcast/raining
2018-12-03,10:00:00,10.7,9,WSW,6.2,95,997,0.1,4.4,23,16,0,overcast/dry
2018-12-03,10:30:00,11.3,17,WNW,8.4,95,996.9,0,4.4,23,109,0.5,mainly_cloudy/dry
2018-12-03,11:00:00,11.6,12,W,8.9,94,997.1,0,4.4,23,47,0,mainly_cloudy/dry
2018-12-03,11:30:00,11.7,12,WSW,9.3,93,997.4,0.4,4.4,23,54,0.5,mainly_cloudy/dry
2018-12-03,12:00:00,11.7,12,W,5.8,93,997.7,0.7,4.4,23,323,0.6,sunny/dry
2018-12-03,12:30:00,11.5,15,WNW,8.9,92,998,0.9,4.4,23,62,0.5,mainly_cloudy/dry
2018-12-03,13:00:00,11.5,9,W,9.3,92,998.3,0.6,4.4,23,174,0.5,partly_cloudy/dry
2018-12-03,13:30:00,11.9,13,WSW,7.2,88,998.9,0.7,4.4,23,32,0,overcast/dry
2018-12-03,14:00:00,11.3,8,WNW,4.6,91,999.8,1.5,4.4,23,37,0,mainly_cloudy/dry
2018-12-03,14:30:00,11.3,8,NW,4.9,91,1000.7,1.9,4.4,23,95,0,sunny/dry
2018-12-03,15:00:00,10.7,8,WNW,3.7,86,1001.8,1.9,4.4,23,16,0,overcast/dry
2018-12-03,15:30:00,10.2,12,SSW,6.2,82,1003,2.2,4.4,23,11,0,mainly_cloudy/dry
2018-12-03,16:00:00,10.2,10,WNW,5.2,81,1003.7,2,4.4,23,0,0,dusk/dry
2018-12-03,16:30:00,9.9,6,NW,3.5,82,1004.5,1.6,4.4,23,0,0,night_time/dry
2018-12-03,17:00:00,9.1,6,NNW,2.9,80,1005.4,1.8,4.4,23,0,0,night_time/dry
2018-12-03,17:30:00,8.7,7,NW,3.1,81,1006.4,1.9,4.4,23,0,0,night_time/dry
2018-12-03,18:00:00,9,4,NW,3,80,1007,1.6,4.4,23,0,0,night_time/dry
2018-12-03,18:30:00,8.9,4,WNW,1.8,81,1008,1.6,4.4,23,0,0,night_time/dry
2018-12-03,19:00:00,8.5,1,NW,0.7,81,1008.7,1.7,4.4,23,0,0,night_time/dry
2018-12-03,19:30:00,7.9,4,NW,0.3,83,1009.2,1.1,4.4,23,0,0,night_time/dry
2018-12-03,20:00:00,7.3,1,NW,0.8,85,1010,1.4,4.4,23,0,0,night_time/dry
2018-12-03,20:30:00,6.9,0,NW,0,87,1010.7,1.6,4.4,23,0,0,night_time/dry
2018-12-03,21:00:00,6.4,2,NW,0.5,88,1010.9,1,4.4,23,0,0,night_time/dry
2018-12-03,21:30:00,6.2,1,NW,0,89,1011.4,0.7,4.4,23,0,0,night_time/dry
2018-12-03,22:00:00,6.6,2,WNW,1,91,1011.9,0.8,4.4,23,0,0,night_time/dry
2018-12-03,22:30:00,6.4,5,WNW,1.3,91,1012.4,1,4.4,23,0,0,night_time/dry
2018-12-03,23:00:00,6.1,4,W,2.3,92,1013.1,1.3,4.4,23,0,0,night_time/dry
2018-12-03,23:30:00,5.7,0,W,0,92,1013.5,1.1,4.4,23,0,0,night_time/dry
2018-12-04,00:00:00,5.1,0,W,0,92,1014,0.8,0,23,0,0,night_time/dry
2018-12-04,00:30:00,4.7,0,W,0,92,1014.4,0.8,0,23,0,0,night_time/dry
2018-12-04,01:00:00,4.3,0,W,0.1,92,1014.8,0.9,0,23,0,0,night_time/dry
2018-12-04,01:30:00,4.4,1,W,0.6,93,1015.2,0.9,0,23,0,0,night_time/dry
2018-12-04,02:00:00,4.5,4,W,1.2,94,1015.9,1.2,0,23,0,0,night_time/dry
2018-12-04,03:00:00,3.8,2,W,0.9,93,1016.7,0.8,0,23,0,0,night_time/dry
2018-12-04,03:30:00,3.9,2,W,0.3,94,1017.1,0.8,0,23,0,0,night_time/dry
2018-12-04,04:00:00,3.6,0,W,0,93,1017.5,0.7,0,23,0,0,night_time/dry
2018-12-04,04:30:00,3.6,2,W,0.6,94,1018.1,0.9,0,23,0,0,night_time/dry
2018-12-04,05:00:00,3.7,0,W,0,94,1018.5,1.1,0,23,0,0,night_time/dry
2018-12-04,05:30:00,3.3,0,W,0,94,1018.9,0.8,0,23,0,0,night_time/dry
2018-12-04,06:00:00,3.2,0,W,0,94,1019.4,0.9,0,23,0,0,night_time/dry
2018-12-04,06:30:00,2.8,0,W,0,94,1020,1.1,0,23,0,0,night_time/dry
2018-12-04,07:00:00,2.8,0,W,0,94,1020.4,1,0,23,0,0,night_time/dry
2018-12-04,07:30:00,2.8,0,W,0,94,1020.9,0.9,0,23,0,0,night_time/dry
2018-12-04,08:00:00,2.7,0,W,0,94,1021,0.6,0,23,7,0,dawn/dry
2018-12-04,08:30:00,2.3,0,W,0,94,1021.7,0.9,0,23,14,0,sunny/dry
2018-12-04,09:00:00,2.6,0,W,0,95,1022,1.1,0,23,53,0,sunny/dry
2018-12-04,09:30:00,3.7,1,W,1,95,1022.2,0.5,0,23,105,0,sunny/dry
2018-12-04,10:00:00,5.1,1,W,0.2,96,1022.5,0.5,0,23,148,0,sunny/dry
2018-12-04,10:30:00,6.4,0,W,0,97,1022.4,0.2,0,23,163,0.5,sunny/dry
2018-12-04,11:00:00,6.4,1,SW,0.2,95,1022.7,0.2,0,23,134,0.5,partly_cloudy/dry
2018-12-04,11:30:00,6.6,1,SW,0.9,95,1022.6,0.1,0,23,186,0.6,sunny/dry
2018-12-04,12:00:00,6.7,1,SW,0.2,95,1022.4,-0.4,0.2,23.2,90,0.5,cloudy/rain_has_stopped
2018-12-04,12:30:00,6.9,2,SW,1.3,94,1022.5,-0.2,0.2,23.2,83,0,mainly_cloudy/dry
2018-12-04,13:00:00,6.9,0,SW,0,93,1022.8,0.4,0.2,23.2,65,0,mainly_cloudy/dry
2018-12-04,13:30:00,6.9,0,SW,0,92,1022.9,0.5,0.2,23.2,42,0,overcast/dry
2018-12-04,14:00:00,6.9,0,SW,0,91,1022.8,0.1,0.2,23.2,19,0,overcast/dry
2018-12-04,14:30:00,6.7,0,SW,0,91,1022.6,-0.3,0.2,23.2,14,0,overcast/dry
2018-12-04,15:00:00,6.6,2,SW,1.3,90,1022.5,-0.4,0.2,23.2,7,0,overcast/dry
2018-12-04,15:30:00,6.5,1,SW,0,90,1022.8,0.2,0.2,23.2,5,0,overcast/dry
2018-12-04,16:00:00,6.6,2,SW,0,90,1023.3,0.9,0.2,23.2,0,0,dusk/dry
2018-12-04,16:30:00,6.6,2,SW,2.1,90,1023.3,0.6,0.2,23.2,0,0,night_time/dry
2018-12-04,17:00:00,6.5,2,SSE,0.5,90,1023.3,0,0.2,23.2,0,0,night_time/dry
2018-12-04,17:30:00,5.9,2,SSW,3,89,1023.2,-0.2,0.4,23.4,0,0,night_time/rain_has_stopped
2018-12-04,18:00:00,5.6,1,SSW,1.8,89,1023.1,-0.2,0.8,23.8,0,0,night_time/raining_lightly
2018-12-04,18:30:00,5.5,2,SSW,1.4,90,1023.3,0.1,0.8,23.8,0,0,night_time/dry
2018-12-04,19:00:00,5.4,4,ESE,1.7,91,1022.9,-0.2,0.8,23.8,0,0,night_time/dry
2018-12-04,19:30:00,5.2,5,ESE,4,91,1022.6,-0.8,1.2,24.2,0,0,night_time/raining_lightly
2018-12-04,20:00:00,5.1,8,E,4.7,91,1021.9,-1,1.4,24.4,0,0,night_time/raining_lightly
2018-12-04,20:30:00,5.1,5,E,2.8,91,1021.7,-0.9,1.4,24.4,0,0,night_time/dry
2018-12-04,21:00:00,4.9,4,E,1.5,91,1021.5,-0.3,1.6,24.6,0,0,night_time/raining_lightly
2018-12-04,21:30:00,4.9,4,E,2.9,92,1021.4,-0.3,1.6,24.6,0,0,night_time/dry
2018-12-04,22:00:00,4.9,6,E,4.7,92,1020.9,-0.6,1.8,24.8,0,0,night_time/rain_has_stopped
2018-12-04,22:30:00,4.9,4,E,3,92,1020.7,-0.7,2,25,0,0,night_time/raining_lightly
2018-12-04,23:00:00,4.8,4,E,2.3,92,1020.8,0,3,26,0,0,night_time/raining_lightly
2018-12-04,23:30:00,4.7,9,E,5.8,93,1020.2,-0.5,4,27,0,0,night_time/raining
2018-12-05,00:00:00,4.7,9,E,4.6,94,1019.7,-1.2,0,27.4,0,0,night_time/rain_has_stopped
2018-12-05,00:30:00,4.8,8,ESE,4.5,95,1019.3,-0.9,0.2,27.6,0,0,night_time/rain_has_stopped
2018-12-05,01:00:00,5,10,E,5.9,95,1018.8,-0.9,0.8,28.2,0,0,night_time/raining_lightly
2018-12-05,01:30:00,5.3,9,E,4.3,95,1018.1,-1.2,0.8,28.2,0,0,night_time/rain_has_stopped
2018-12-05,02:00:00,5.7,12,ESE,7,96,1017.6,-1.2,1,28.4,0,0,night_time/raining_lightly
2018-12-05,03:00:00,6.5,7,SSE,4.6,96,1016.8,-0.8,1.2,28.6,0,0,night_time/dry
2018-12-05,03:30:00,6.7,5,SE,2,96,1016.1,-1.1,1.2,28.6,0,0,night_time/rain_has_stopped
2018-12-05,04:00:00,6.9,8,SE,3.6,96,1015.6,-1.2,1.4,28.8,0,0,night_time/raining_lightly
2018-12-05,04:30:00,7.3,9,SSE,2.6,96,1015.3,-0.8,1.6,29,0,0,night_time/rain_has_stopped
2018-12-05,05:00:00,7.5,7,SE,4.7,96,1015.1,-0.5,1.6,29,0,0,night_time/dry
2018-12-05,05:30:00,7.8,7,WNW,2.5,97,1015.1,-0.3,1.6,29,0,0,night_time/foggy
2018-12-05,06:00:00,7.8,6,SSE,3,97,1014.6,-0.6,2,29.4,0,0,night_time/rain_has_stopped
2018-12-05,06:30:00,8.2,5,SE,2.5,97,1014.1,-0.9,2,29.4,0,0,night_time/foggy
2018-12-05,07:00:00,8.8,5,SSE,0.7,97,1014,-0.6,2,29.4,0,0,night_time/foggy
2018-12-05,07:30:00,8.8,5,SSE,2.6,97,1013.8,-0.4,2,29.4,0,0,night_time/foggy
2018-12-05,08:00:00,9.1,0,SSE,0,97,1013.8,-0.2,2,29.4,0,0,dawn/dry
2018-12-05,08:30:00,9.8,4,SSE,2.2,97,1013.6,-0.1,2,29.4,5,0,cloudy/dry
2018-12-05,09:00:00,11.2,5,SW,2.2,98,1013.2,-0.5,2,29.4,14,0,mainly_cloudy/dry
2018-12-05,09:30:00,11.4,6,E,3.1,97,1012.8,-0.7,2,29.4,23,0,overcast/dry
2018-12-05,10:00:00,11.6,8,SSE,4.6,97,1012.4,-0.8,2,29.4,25,0,overcast/dry
2018-12-05,10:30:00,11.9,9,SW,5.8,97,1012.1,-0.8,2,29.4,86,0,cloudy/dry
2018-12-05,11:00:00,12.2,6,WSW,3.5,97,1011.5,-1,2,29.4,49,0,mainly_cloudy/dry
2018-12-05,11:30:00,12.2,6,NW,3.1,96,1010.8,-1.3,2.2,29.6,51,0,mainly_cloudy/raining_lightly
2018-12-05,12:00:00,12.3,10,SSW,4.1,96,1010.2,-1.2,2.2,29.6,35,0,overcast/dry
2018-12-05,12:30:00,12.3,15,WSW,5.9,95,1009.9,-0.9,3,30.4,25,0,overcast/raining_lightly
2018-12-05,13:00:00,12.2,9,WSW,4.5,96,1009.8,-0.5,5,32.4,14,0,overcast/raining_moderately
2018-12-05,13:30:00,12.1,5,SSE,4.5,96,1009.4,-0.4,7.2,34.6,9,0,overcast/raining
2018-12-05,14:00:00,12.2,9,SSW,3.2,96,1009,-0.8,8.2,35.6,11,0,overcast/raining
2018-12-05,14:30:00,12.2,7,SSE,3.8,96,1008.3,-1.1,9,36.4,7,0,overcast/raining_lightly
2018-12-05,15:00:00,12.3,7,WSW,4,96,1008.6,-0.3,9.6,37,5,0,overcast/raining_lightly
2018-12-05,15:30:00,12.3,4,SSW,2.5,96,1008.5,0,9.6,37,35,0,sunny/dry
2018-12-05,16:00:00,12.3,4,SW,1.5,96,1008.4,-0.3,9.6,37,18,0,dusk/dry
2018-12-05,16:30:00,12.1,4,SSW,2.2,96,1008.6,0.1,9.6,37,0,0,night_time/dry
2018-12-05,17:00:00,12.1,4,SW,1.8,96,1008.7,0.3,9.6,37,0,0,night_time/dry
2018-12-05,17:30:00,12.2,2,WSW,2.4,96,1009,0.4,12,39.4,0,0,night_time/raining
2018-12-05,18:00:00,12.1,5,W,3.8,96,1009.2,0.5,12.2,39.6,0,0,night_time/rain_has_stopped
2018-12-05,18:30:00,11.9,8,WNW,3.8,96,1009.3,0.3,12.2,39.6,0,0,night_time/dry
2018-12-05,19:00:00,11.8,12,WSW,4.5,96,1009.6,0.4,12.2,39.6,0,0,night_time/dry
2018-12-05,19:30:00,11.7,4,W,3.5,97,1010.2,0.8,12.2,39.6,0,0,night_time/dry
2018-12-05,20:00:00,11.5,9,WNW,3.9,96,1010.5,1,12.2,39.6,0,0,night_time/dry
2018-12-05,20:30:00,11.2,5,SW,4.3,96,1010.7,0.6,12.2,39.6,0,0,night_time/dry
2018-12-05,21:00:00,11.2,8,WSW,3.6,96,1010.9,0.4,12.2,39.6,0,0,night_time/dry
2018-12-05,21:30:00,10.9,8,WSW,2.6,97,1011.4,0.6,12.2,39.6,0,0,night_time/dry
2018-12-05,22:00:00,10.9,7,W,2.1,96,1011.3,0.4,12.2,39.6,0,0,night_time/dry
2018-12-05,22:30:00,10.7,4,SW,3.2,97,1011.4,0.1,12.2,39.6,0,0,night_time/dry
2018-12-05,23:00:00,10.6,4,WSW,2.8,96,1011.5,0.3,12.2,39.6,0,0,night_time/dry
2018-12-05,23:30:00,10.5,4,WSW,1.8,97,1011.7,0.2,12.2,39.6,0,0,night_time/dry
2018-12-06,00:00:00,10.8,4,SW,2.5,97,1012,0.5,0,39.6,0,0,night_time/dry
2018-12-06,00:30:00,10.9,4,W,2.6,97,1012.3,0.6,0,39.6,0,0,night_time/dry
2018-12-06,01:00:00,10.9,5,SW,2,97,1012.9,0.8,0,39.6,0,0,night_time/dry
2018-12-06,01:30:00,11.1,9,WSW,4.1,97,1013.4,1.1,0.2,39.8,0,0,night_time/rain_has_stopped
2018-12-06,02:00:00,10.9,2,W,1.8,97,1013,0.1,0.2,39.8,0,0,night_time/dry
2018-12-06,02:30:00,10.9,5,W,3,97,1013.4,0,0.2,39.8,0,0,night_time/dry
2018-12-06,03:00:00,10.8,4,W,2,97,1012.9,0,0.4,40,0,0,night_time/raining_lightly
2018-12-06,03:30:00,10.8,7,WNW,3.7,97,1013.4,-0.1,0.4,40,0,0,night_time/dry
2018-12-06,04:00:00,10.8,7,W,3.8,97,1013.6,0.7,0.4,40,0,0,night_time/dry
2018-12-06,04:30:00,10.9,7,W,6.2,97,1013.9,0.6,0.4,40,0,0,night_time/dry
2018-12-06,05:00:00,10.8,12,W,3.3,97,1014,0.2,0.4,40,0,0,night_time/dry
2018-12-06,05:30:00,10.8,5,W,3.1,97,1014.1,0.1,0.4,40,0,0,night_time/dry
2018-12-06,06:00:00,10.7,4,SSW,1.5,97,1013.7,-0.2,0.4,40,0,0,night_time/dry
2018-12-06,06:30:00,10.7,4,SSW,2.9,97,1013.8,-0.2,0.4,40,0,0,night_time/dry
2018-12-06,07:00:00,10.8,4,WSW,1.3,97,1014.5,0.8,0.6,40.2,0,0,night_time/rain_has_stopped
2018-12-06,07:30:00,10.8,6,WSW,2.2,97,1014.6,0.7,0.6,40.2,0,0,night_time/dry
2018-12-06,08:00:00,10.8,5,W,3.3,97,1014.5,0,0.8,40.4,0,0,dawn/rain_has_stopped
2018-12-06,08:30:00,10.9,6,SSW,3.1,97,1014.8,0.3,0.8,40.4,0,0,overcast/dry
2018-12-06,09:00:00,11,4,WSW,4.5,97,1014.8,0.3,1,40.6,12,0,overcast/raining_lightly
2018-12-06,09:30:00,11.1,8,SW,2.2,97,1014.9,0,1,40.6,16,0,overcast/dry
2018-12-06,10:00:00,11.1,5,SW,5.6,97,1014.9,0.2,1.2,40.8,32,0,overcast/raining_lightly
2018-12-06,10:30:00,11.2,7,SW,5.2,97,1015.1,0.2,1.2,40.8,83,0,cloudy/dry
2018-12-06,11:00:00,11.2,7,WSW,3.5,97,1015.2,0.3,1.2,40.8,74,0,mainly_cloudy/dry
2018-12-06,11:30:00,10.9,15,SW,6.4,96,1014.9,-0.2,1.2,40.8,91,0.5,cloudy/dry
2018-12-06,12:00:00,11.1,8,SW,6.1,96,1014.3,-1,1.2,40.8,128,0.6,partly_cloudy/dry
2018-12-06,12:30:00,11.4,8,SW,3.7,95,1014.3,-0.6,1.2,40.8,40,0,overcast/dry
2018-12-06,13:00:00,11.9,12,SSW,5.2,95,1014.1,-0.1,1.2,40.8,44,0,overcast/dry
2018-12-06,13:30:00,12.1,7,SW,6.1,95,1013.9,-0.4,1.2,40.8,30,0,overcast/dry
2018-12-06,14:00:00,12.1,10,SW,5.3,95,1013.6,-0.5,1.2,40.8,21,0,overcast/dry
2018-12-06,14:30:00,12.2,8,S,4.6,96,1013.4,-0.5,1.2,40.8,16,0,overcast/dry
2018-12-06,15:00:00,12.2,12,SSW,4.4,96,1013.2,-0.4,1.2,40.8,11,0,overcast/dry
2018-12-06,15:30:00,12.3,12,WSW,5.3,96,1013.1,-0.3,1.4,41,7,0,overcast/raining_lightly
2018-12-06,16:00:00,12.4,8,W,6.6,96,1013.1,0,1.4,41,0,0,dusk/dry
2018-12-06,16:30:00,12.4,8,WSW,4.1,96,1013.3,0.1,1.4,41,0,0,night_time/dry
2018-12-06,17:00:00,12.4,12,W,7.8,96,1013.1,-0.1,1.4,41,0,0,night_time/dry
2018-12-06,17:30:00,12.5,8,SW,1.6,97,1013.3,0,1.4,41,0,0,night_time/dry
2018-12-06,18:00:00,12.5,12,WSW,6,97,1013.4,0.2,1.6,41.2,0,0,night_time/rain_has_stopped
2018-12-06,18:30:00,12.5,7,S,2.8,97,1013.5,0.1,1.6,41.2,0,0,night_time/dry
2018-12-06,19:00:00,12.5,5,WSW,1.3,97,1013.1,-0.2,1.8,41.4,0,0,night_time/raining_lightly
2018-12-06,19:30:00,12.6,4,SSW,4.3,97,1013,-0.4,1.8,41.4,0,0,night_time/dry
2018-12-06,20:00:00,12.5,5,ESE,1.3,97,1012.8,-0.4,2,41.6,0,0,night_time/rain_has_stopped
2018-12-06,20:30:00,12.5,8,SW,4.1,97,1012.3,-0.6,2,41.6,0,0,night_time/dry
2018-12-06,21:00:00,12.6,7,WSW,4.1,97,1012.3,-0.6,2,41.6,0,0,night_time/dry
2018-12-06,21:30:00,12.6,4,SW,1.6,97,1011.8,-0.5,2.2,41.8,0,0,night_time/rain_has_stopped
2018-12-06,22:00:00,12.6,6,SSW,4.7,97,1011.3,-0.9,2.4,42,0,0,night_time/rain_has_stopped
2018-12-06,22:30:00,12.6,10,WSW,3.7,97,1011,-0.8,2.6,42.2,0,0,night_time/rain_has_stopped
2018-12-06,23:00:00,12.6,5,WSW,5.4,97,1010.5,-0.8,2.8,42.4,0,0,night_time/rain_has_stopped
2018-12-06,23:30:00,12.6,12,SW,9.1,97,1009.7,-1.3,3,42.6,0,0,night_time/rain_has_stopped
2018-12-07,00:00:00,12.6,9,W,5.3,97,1009.1,-1.4,0,42.6,0,0,night_time/dry
2018-12-07,00:30:00,12.7,8,S,3.3,97,1008.8,-0.9,0,42.6,0,0,night_time/dry
2018-12-07,01:00:00,12.8,10,SSW,5.2,97,1008.1,-1.1,0,42.6,0,0,night_time/dry
2018-12-07,01:30:00,12.8,12,SW,4.6,96,1007.6,-1.2,0.2,42.8,0,0,night_time/rain_has_stopped
2018-12-07,02:00:00,12.8,6,W,4.8,96,1007,-1,0.4,43,0,0,night_time/rain_has_stopped
2018-12-07,02:30:00,12.9,12,WSW,5.5,96,1006.6,-1,0.4,43,0,0,night_time/windy
2018-12-07,03:00:00,12.8,12,WSW,6,95,1005.6,-1.3,0.8,43.4,0,0,night_time/raining_lightly
2018-12-07,03:30:00,12.8,9,W,7.2,95,1004.8,-1.7,1,43.6,0,0,night_time/rain_has_stopped
2018-12-07,04:00:00,12.7,10,SW,4.9,95,1003.8,-1.8,2,44.6,0,0,night_time/raining
2018-12-07,04:30:00,12.5,17,SSW,8.9,95,1003.2,-1.8,3.4,46,0,0,night_time/raining
2018-12-07,05:00:00,12.3,14,SSW,9.1,95,1002.4,-1.5,4.8,47.4,0,0,night_time/raining
2018-12-07,05:30:00,12.3,13,SSW,7.5,96,1001.8,-1.3,5.6,48.2,0,0,night_time/raining_lightly
2018-12-07,06:00:00,12.3,15,SW,3.6,96,1001.1,-1.4,6.8,49.4,0,0,night_time/raining
2018-12-07,06:30:00,12.3,16,S,8.3,96,1000.6,-1.2,8,50.6,0,0,night_time/raining
2018-12-07,07:00:00,12.2,17,SSW,8.7,96,1000,-1.1,8.8,51.4,0,0,night_time/raining_lightly
2018-12-07,07:30:00,10.7,10,W,6,95,1000.5,0,10.4,53,0,0,night_time/raining
2018-12-07,08:00:00,9.6,12,WNW,9.5,95,1000.7,0.8,11.4,54,0,0,night_time/raining
2018-12-07,08:30:00,9.3,15,WNW,3.1,95,1001,0.5,12,54.6,0,0,overcast/raining_lightly
2018-12-07,09:00:00,9.6,8,WSW,3.7,96,1000.5,-0.3,12,54.6,19,0,cloudy/dry
2018-12-07,09:30:00,9.7,6,W,4.6,96,1000.5,-0.5,12,54.6,56,0,partly_cloudy/dry
2018-12-07,10:00:00,9.2,6,WNW,4.6,94,1001.2,0.6,12,54.6,60,0,cloudy/dry
2018-12-07,10:30:00,8.9,16,W,6.4,89,1001.3,0.9,12,54.6,146,0.5,sunny/dry
2018-12-07,11:00:00,9.3,14,W,9.7,84,1001.6,0.3,12,54.6,183,0.5,sunny/dry
2018-12-07,11:30:00,9.7,18,WNW,6.3,81,1001.7,0.3,12,54.6,211,0.6,sunny/windy
2018-12-07,12:00:00,9.6,12,W,8.7,80,1001.8,0.2,12,54.6,218,0.6,sunny/dry
2018-12-07,12:30:00,9.4,15,W,10.2,78,1002,0.4,12,54.6,39,0,mainly_cloudy/dry
2018-12-07,13:00:00,9,12,WNW,7.2,82,1002.1,0.3,12,54.6,174,0,cloudy/dry
2018-12-07,13:30:00,9.6,12,WSW,11.3,78,1002.3,0.4,12,54.6,188,0,sunny/dry
2018-12-07,14:00:00,8.8,12,W,10.6,78,1002.8,0.6,12,54.6,146,0,sunny/dry
2018-12-07,14:30:00,8.9,13,WSW,10.9,75,1002.9,0.5,12,54.6,30,0,partly_cloudy/windy
2018-12-07,15:00:00,8.4,10,W,5.5,73,1003.3,0.4,12,54.6,12,0,overcast/dry
2018-12-07,15:30:00,8.1,17,W,8.9,77,1003.6,0.7,12,54.6,11,0,cloudy/dry
2018-12-07,16:00:00,7.6,8,SW,3.6,82,1003.9,0.6,12,54.6,0,0,dusk/dry
2018-12-07,16:30:00,7.8,15,WSW,10.4,79,1003.9,0.5,12,54.6,0,0,night_time/dry
2018-12-07,17:00:00,7.7,18,W,7.2,80,1004.3,0.7,12,54.6,0,0,night_time/dry
2018-12-07,17:30:00,7.6,10,W,4.6,82,1004.6,0.5,12,54.6,0,0,night_time/dry
2018-12-07,18:00:00,7.8,7,W,3.9,81,1005.2,0.6,12,54.6,0,0,night_time/dry
2018-12-07,18:30:00,8.2,10,SW,10.5,75,1005.3,0.8,12,54.6,0,0,night_time/windy
2018-12-07,19:00:00,8.3,13,SW,7.9,78,1005.5,0.4,12,54.6,0,0,night_time/dry
2018-12-07,19:30:00,8.3,17,NW,9,80,1005.8,0.5,12,54.6,0,0,night_time/dry
2018-12-07,20:00:00,7.7,13,W,7.2,85,1005.8,0.2,12.2,54.8,0,0,night_time/raining_lightly
2018-12-07,20:30:00,7.5,10,W,6.4,86,1005.7,-0.1,12.2,54.8,0,0,night_time/dry
2018-12-07,21:00:00,8.2,12,W,5.6,86,1005.4,-0.3,12.2,54.8,0,0,night_time/dry
2018-12-07,21:30:00,8.2,16,WSW,9.3,87,1005.3,-0.6,12.2,54.8,0,0,night_time/dry
2018-12-07,22:00:00,8.2,15,W,8.4,85,1005.4,-0.1,12.2,54.8,0,0,night_time/windy
2018-12-07,22:30:00,8.3,18,W,7.1,86,1005.8,0.6,12.2,54.8,0,0,night_time/windy
2018-12-07,23:00:00,8.2,12,W,8.3,84,1006,0.7,12.2,54.8,0,0,night_time/windy
2018-12-07,23:30:00,8.4,7,SSW,3,86,1006.1,0.4,12.2,54.8,0,0,night_time/dry
2018-12-08,00:00:00,8.8,9,SSW,6,85,1005.7,-0.3,0,54.8,0,0,night_time/dry
2018-12-08,00:30:00,9.2,16,W,10.8,83,1005.6,-0.5,0,54.8,0,0,night_time/dry
2018-12-08,01:00:00,9.6,12,SSW,8.1,81,1005.5,-0.2,0,54.8,0,0,night_time/dry
2018-12-08,01:30:00,9.5,17,SW,10.9,80,1005.4,-0.1,0,54.8,0,0,night_time/dry
2018-12-08,02:00:00,9.7,16,WNW,11.6,80,1005.9,0.4,0,54.8,0,0,night_time/dry
2018-12-08,02:30:00,9.4,21,W,12.2,82,1005.9,0.2,0,54.8,0,0,night_time/windy
2018-12-08,03:00:00,9.7,22,WSW,12.3,81,1005.9,0.1,0,54.8,0,0,night_time/windy
2018-12-08,03:30:00,9.4,15,SSW,9.3,83,1006.3,0.5,0,54.8,0,0,night_time/dry
2018-12-08,04:00:00,9.2,15,SW,9,82,1006.3,0.4,0,54.8,0,0,night_time/dry
2018-12-08,04:30:00,9.2,12,W,8.9,83,1006.3,0,0,54.8,0,0,night_time/windy
2018-12-08,05:00:00,9,14,WNW,7.5,83,1006.4,0.1,0,54.8,0,0,night_time/windy
2018-12-08,05:30:00,8.8,18,WNW,8.6,83,1006.7,0.3,0,54.8,0,0,night_time/windy
2018-12-08,06:00:00,8.7,12,W,6.7,85,1006.7,0.2,0,54.8,0,0,night_time/dry
2018-12-08,06:30:00,8.7,18,SW,6,83,1006.9,0.2,0,54.8,0,0,night_time/dry
2018-12-08,07:00:00,8.8,12,WNW,8.9,85,1006.9,0.4,0,54.8,0,0,night_time/dry
2018-12-08,07:30:00,9.2,14,W,13.7,85,1006.9,0.1,0,54.8,0,0,night_time/windy
2018-12-08,08:00:00,9.4,10,W,5.4,84,1007.2,0.1,0,54.8,0,0,night_time/windy
2018-12-08,08:30:00,9.8,8,WNW,6.8,83,1007.4,0.3,0,54.8,18,0,sunny/dry
2018-12-08,09:00:00,10.1,8,W,3.1,80,1007.3,0.1,0,54.8,32,0,sunny/dry
2018-12-08,09:30:00,10.2,4,SSW,4.4,83,1007.1,-0.2,0,54.8,11,0,overcast/dry
2018-12-08,10:00:00,9.8,7,WSW,5.1,86,1006.7,-0.6,0,54.8,9,0,overcast/dry
2018-12-08,10:30:00,10.1,7,WSW,3.6,90,1006.1,-1,0,54.8,26,0,overcast/dry
2018-12-08,11:00:00,10.3,12,WSW,5.1,91,1005.1,-1.6,0,54.8,42,0,overcast/dry
2018-12-08,11:30:00,10.7,12,SW,6.2,90,1004.3,-1.7,0,54.8,69,0,mainly_cloudy/dry
2018-12-08,12:00:00,11,10,WSW,5.6,90,1003.2,-1.8,0,54.8,56,0,mainly_cloudy/dry
2018-12-08,12:30:00,11.6,22,WSW,10.2,90,1002.7,-1.7,0,54.8,65,0,cloudy/dry
2018-12-08,13:00:00,11.7,21,SW,10,91,1002.3,-0.9,0,54.8,58,0,mainly_cloudy/windy
2018-12-08,13:30:00,11.7,15,W,11.4,91,1002.1,-0.6,0,54.8,100,0,partly_cloudy/windy
2018-12-08,14:00:00,11.8,17,WSW,6.8,90,1001.6,-0.8,0,54.8,79,0,cloudy/windy
2018-12-08,14:30:00,11.9,7,WSW,8.3,89,1000.7,-1.3,0,54.8,62,0,sunny/dry
2018-12-08,15:00:00,10.8,18,W,11.8,89,1000.6,-1,0.2,55,46,0,cloudy/raining_lightly
2018-12-08,15:30:00,10.7,16,WSW,10.6,90,1000.4,-0.4,0.2,55,11,0,cloudy/dry
2018-12-08,16:00:00,10.9,17,W,13.9,86,1000.1,-0.3,0.2,55,0,0,dusk/windy
2018-12-08,16:30:00,11.1,16,WSW,12.1,84,1000.2,-0.2,0.2,55,0,0,night_time/windy
2018-12-08,17:00:00,10.6,15,WSW,13.3,87,1000.1,-0.2,0.2,55,0,0,night_time/windy
2018-12-08,17:30:00,10.3,20,WSW,11.4,86,1000.2,0.1,0.2,55,0,0,night_time/windy
2018-12-08,18:00:00,9.4,9,W,9.3,86,1000.4,0.2,0.2,55,0,0,night_time/dry
2018-12-08,18:30:00,9.6,13,WNW,7.6,86,1000.3,0.1,0.2,55,0,0,night_time/dry
2018-12-08,19:00:00,9.9,21,WSW,7.7,86,1000.6,0.2,0.2,55,0,0,night_time/dry
2018-12-08,19:30:00,9.5,20,W,6.6,88,1000.6,0.4,0.2,55,0,0,night_time/dry
2018-12-08,20:00:00,9.6,18,W,9.3,86,1000.4,0.2,0.6,55.4,0,0,night_time/raining_lightly
2018-12-08,20:30:00,9.3,13,W,9.7,90,1000.5,-0.3,0.8,55.6,0,0,night_time/rain_has_stopped
2018-12-08,21:00:00,9.2,14,WSW,9.4,89,1000.9,0.2,1,55.8,0,0,night_time/raining_lightly
2018-12-08,21:30:00,9.1,18,WNW,10.6,88,1001.1,0.7,1.6,56.4,0,0,night_time/windy
2018-12-08,22:00:00,8.5,12,WNW,9,90,1001.1,0.2,1.6,56.4,0,0,night_time/dry
2018-12-08,22:30:00,9.2,13,WSW,9.1,88,1001.4,0.2,1.6,56.4,0,0,night_time/dry
2018-12-08,23:00:00,9.4,20,WSW,5.5,83,1001.2,0.1,1.6,56.4,0,0,night_time/windy
2018-12-08,23:30:00,9.3,17,WNW,7.6,84,1001.4,0.1,1.8,56.6,0,0,night_time/windy
2018-12-09,00:00:00,8.4,17,W,10.4,88,1001.4,0.2,0,57.2,0,0,night_time/windy
2018-12-09,00:30:00,8.6,15,W,9.7,89,1001.2,-0.3,0,57.2,0,0,night_time/rain_has_stopped
2018-12-09,01:00:00,8.4,15,WSW,9.7,89,1001.4,0,0.6,57.8,0,0,night_time/raining_lightly
2018-12-09,01:30:00,8.3,12,WSW,12,91,1001.3,0.2,1.2,58.4,0,0,night_time/raining_lightly
2018-12-09,02:00:00,8.3,16,WSW,10.8,90,1001.5,0.1,1.2,58.4,0,0,night_time/dry
2018-12-09,02:30:00,8.8,20,WSW,9.2,90,1001.5,0.1,1.2,58.4,0,0,night_time/dry
2018-12-09,03:00:00,9.3,17,WSW,9.7,88,1001.4,0,1.2,58.4,0,0,night_time/dry
2018-12-09,03:30:00,9.2,20,W,9.7,88,1001.6,0,1.2,58.4,0,0,night_time/windy
2018-12-09,04:00:00,9.7,20,NW,10.6,86,1001.6,0.3,1.2,58.4,0,0,night_time/dry
2018-12-09,04:30:00,9.6,18,WSW,10.9,86,1001.9,0.4,1.2,58.4,0,0,night_time/windy
2018-12-09,05:00:00,9.7,13,W,7.6,86,1002,0.3,1.2,58.4,0,0,night_time/windy
2018-12-09,05:30:00,9.4,23,WSW,10.9,88,1002.2,0.4,1.2,58.4,0,0,night_time/windy
2018-12-09,06:00:00,9.4,17,SW,10.8,87,1002.7,0.7,1.2,58.4,0,0,night_time/dry
2018-12-09,06:30:00,9.6,20,WSW,6.8,87,1003.6,1.3,1.2,58.4,0,0,night_time/dry
2018-12-09,07:00:00,9.6,15,W,8.6,87,1004.5,1.8,1.2,58.4,0,0,night_time/dry
2018-12-09,07:30:00,9.7,15,SW,10.7,86,1005.4,1.7,1.2,58.4,0,0,night_time/dry
2018-12-09,08:00:00,9.7,12,WSW,4.9,85,1006.1,1.6,1.2,58.4,0,0,night_time/dry
2018-12-09,08:30:00,9.7,6,WNW,0.8,84,1007.2,1.9,1.2,58.4,9,0,sunny/dry
2018-12-09,09:00:00,9.7,7,W,6.1,84,1008.2,2.1,1.2,58.4,16,0,cloudy/dry
2018-12-09,09:30:00,9.8,9,WNW,5.3,84,1008.9,1.6,1.2,58.4,30,0,cloudy/dry
2018-12-09,10:00:00,9.9,6,W,4.7,85,1010,1.8,1.2,58.4,37,0,mainly_cloudy/dry
2018-12-09,10:30:00,10,10,WNW,5.6,84,1010.9,2,1.2,58.4,146,0,partly_cloudy/dry
2018-12-09,11:00:00,10.4,15,WNW,9.3,83,1011.7,1.7,1.2,58.4,69,0,sunny/dry
2018-12-09,11:30:00,10.4,8,WNW,6.4,80,1012.3,1.4,1.2,58.4,58,0.5,mainly_cloudy/dry
2018-12-09,12:00:00,10.7,9,NW,5.4,78,1012.8,1.1,1.2,58.4,234,0.6,sunny/dry
2018-12-09,12:30:00,10.8,8,WNW,4.8,76,1013.7,1.5,1.2,58.4,72,0,mainly_cloudy/dry
2018-12-09,13:00:00,10.9,12,NW,5.5,75,1014.4,1.6,1.2,58.4,72,0.5,cloudy/dry
2018-12-09,13:30:00,10.8,10,NW,6.8,74,1015,1.2,1.2,58.4,74,0,partly_cloudy/dry
2018-12-09,14:00:00,10.8,17,W,9.1,71,1015.6,1.3,1.2,58.4,53,0,cloudy/dry
2018-12-09,14:30:00,10.6,9,NW,3.9,72,1016.5,1.5,1.2,58.4,44,0,partly_cloudy/dry
2018-12-09,15:00:00,10.3,5,W,2,77,1017.3,1.7,1.2,58.4,23,0,mainly_cloudy/dry
2018-12-09,15:30:00,9.8,4,WNW,4.7,80,1017.9,1.4,1.2,58.4,11,0,mainly_cloudy/dry
2018-12-09,16:00:00,9.7,12,WNW,4.9,80,1018.5,1.1,1.2,58.4,0,0,dusk/dry
2018-12-09,16:30:00,9.5,7,W,2.1,81,1019.2,1.3,1.2,58.4,0,0,night_time/dry
2018-12-09,17:00:00,9.3,9,WSW,2,82,1019.7,1.3,1.2,58.4,0,0,night_time/dry
2018-12-09,17:30:00,9.4,9,W,6.6,81,1020.3,1.1,1.2,58.4,0,0,night_time/dry
2018-12-09,18:00:00,9.4,7,W,2.9,81,1020.7,0.9,1.2,58.4,0,0,night_time/dry
2018-12-09,18:30:00,9.2,9,WNW,4.1,80,1021.1,0.8,1.2,58.4,0,0,night_time/dry
2018-12-09,19:00:00,8.8,12,W,7.2,81,1021.5,0.7,1.2,58.4,0,0,night_time/dry
2018-12-09,19:30:00,8.4,4,W,2.6,82,1022,0.9,1.2,58.4,0,0,night_time/dry
2018-12-09,20:00:00,8.2,8,W,2.6,84,1022.3,0.9,1.2,58.4,0,0,night_time/dry
2018-12-09,20:30:00,8.3,10,W,3.9,85,1022.6,0.7,1.2,58.4,0,0,night_time/dry
2018-12-09,21:00:00,8.4,8,W,3,85,1022.8,0.5,1.2,58.4,0,0,night_time/dry
2018-12-09,21:30:00,8.5,7,WNW,3.9,86,1023.2,0.6,1.2,58.4,0,0,night_time/dry
2018-12-09,22:00:00,8.6,6,WSW,3.8,86,1023.7,0.8,1.2,58.4,0,0,night_time/dry
2018-12-09,22:30:00,8.4,7,W,4.9,86,1023.8,0.7,1.2,58.4,0,0,night_time/dry
2018-12-09,23:00:00,8.2,10,WSW,6.6,87,1024,0.4,1.2,58.4,0,0,night_time/dry
2018-12-09,23:30:00,8.1,10,W,6.4,85,1024.4,0.4,1.2,58.4,0,0,night_time/dry
2018-12-10,00:00:00,7.7,8,W,3.5,87,1024.8,0.7,0,58.4,0,0,night_time/dry
2018-12-10,00:30:00,7.3,12,W,2.8,87,1024.9,0.7,0,58.4,0,0,night_time/dry
2018-12-10,01:00:00,7.4,8,W,3.1,86,1025.1,0.3,0,58.4,0,0,night_time/dry
2018-12-10,01:30:00,7.2,8,W,6.4,86,1025.2,0.3,0,58.4,0,0,night_time/dry
2018-12-10,02:00:00,7.1,8,W,3.1,87,1025.4,0.3,0,58.4,0,0,night_time/dry
2018-12-10,02:30:00,7.2,4,W,1.4,86,1025.7,0.5,0,58.4,0,0,night_time/dry
2018-12-10,03:00:00,7,2,WNW,2.2,86,1026,0.6,0,58.4,0,0,night_time/dry
2018-12-10,03:30:00,6.9,6,NW,1.8,87,1026,0.3,0,58.4,0,0,night_time/dry
2018-12-10,04:00:00,7,2,W,0.5,86,1026.4,0.4,0,58.4,0,0,night_time/dry
2018-12-10,04:30:00,6.7,7,WNW,4.4,87,1026.6,0.6,0,58.4,0,0,night_time/dry
2018-12-10,05:00:00,6.7,6,NW,3.3,89,1026.7,0.3,0,58.4,0,0,night_time/dry
2018-12-10,05:30:00,6.7,4,WNW,3.1,90,1027,0.3,0,58.4,0,0,night_time/dry
2018-12-10,06:00:00,6.7,7,W,7,90,1027,0.4,0,58.4,0,0,night_time/dry
2018-12-10,06:30:00,6.6,4,WSW,1.8,90,1027.6,0.6,0,58.4,0,0,night_time/dry
2018-12-10,07:00:00,6.6,7,W,2.1,90,1027.5,0.5,0,58.4,0,0,night_time/dry
2018-12-10,07:30:00,6.3,6,WNW,3.2,90,1027.7,0.1,0,58.4,0,0,night_time/dry
2018-12-10,08:00:00,6.2,7,WSW,2.9,91,1027.9,0.4,0,58.4,0,0,night_time/dry
2018-12-10,08:30:00,6.3,6,WNW,1.8,91,1028.3,0.6,0,58.4,14,0,dawn/dry
2018-12-10,09:00:00,6.3,6,WSW,2.8,91,1028.5,0.6,0,58.4,35,0,sunny/dry
2018-12-10,09:30:00,6.8,7,WSW,2.9,91,1029,0.6,0,58.4,84,0,sunny/dry
2018-12-10,10:00:00,7.3,7,W,3.3,90,1029.1,0.5,0,58.4,86,0,sunny/dry
2018-12-10,10:30:00,8,4,W,2.1,87,1029.2,0.3,0,58.4,116,0,sunny/dry
2018-12-10,11:00:00,8.7,10,WSW,2.8,84,1029.1,0.1,0,58.4,141,0.5,sunny/dry
2018-12-10,11:30:00,8.5,6,WNW,2.8,81,1029.2,0,0,58.4,116,0.5,cloudy/dry
2018-12-10,12:00:00,8.5,12,W,2.9,82,1029.2,0.1,0,58.4,95,0,cloudy/dry
2018-12-10,12:30:00,8.6,5,WSW,1.4,83,1028.9,-0.3,0,58.4,109,0.5,cloudy/dry
2018-12-10,13:00:00,8.7,6,WNW,2.2,82,1028.6,-0.6,0,58.4,81,0,cloudy/dry
2018-12-10,13:30:00,8.6,2,WNW,2.2,82,1028.8,-0.1,0,58.4,70,0,mainly_cloudy/dry
2018-12-10,14:00:00,8.8,5,W,4.4,82,1028.8,0.1,0,58.4,54,0,mainly_cloudy/dry
2018-12-10,14:30:00,8.7,2,W,1.7,81,1028.9,0.1,0,58.4,69,0,partly_cloudy/dry
2018-12-10,15:00:00,8.6,4,W,2.6,81,1028.9,0.2,0,58.4,35,0,partly_cloudy/dry
2018-12-10,15:30:00,8.5,0,W,0,82,1028.8,-0.1,0,58.4,19,0,sunny/dry
2018-12-10,16:00:00,8.1,2,W,0.8,82,1029,0,0,58.4,0,0,dusk/dry
2018-12-10,16:30:00,7.9,7,W,2.8,84,1028.7,-0.1,0,58.4,0,0,night_time/dry
2018-12-10,17:00:00,7.8,2,W,1.5,85,1028.8,-0.2,0,58.4,0,0,night_time/dry
2018-12-10,17:30:00,7.7,4,W,0.3,86,1029,0.3,0,58.4,0,0,night_time/dry
2018-12-10,18:00:00,7.7,0,W,0,86,1028.8,0,0,58.4,0,0,night_time/dry
2018-12-10,18:30:00,7.6,0,W,0,86,1028.7,-0.3,0,58.4,0,0,night_time/dry
2018-12-10,19:00:00,7.6,0,WSW,0.3,86,1028.5,-0.3,0,58.4,0,0,night_time/dry
2018-12-10,19:30:00,7.5,2,SSW,0.9,87,1028.4,-0.3,0,58.4,0,0,night_time/dry
2018-12-10,20:00:00,7.2,1,SSW,0,87,1028.3,-0.2,0,58.4,0,0,night_time/dry
2018-12-10,20:30:00,7,1,SSW,0,88,1028.2,-0.2,0,58.4,0,0,night_time/dry
2018-12-10,21:00:00,6.9,2,S,0.9,89,1028.1,-0.2,0,58.4,0,0,night_time/dry
2018-12-10,21:30:00,7,2,SSW,1.5,90,1028.2,0,0,58.4,0,0,night_time/dry
2018-12-10,22:00:00,7,0,SSW,0,89,1028.3,0.2,0,58.4,0,0,night_time/dry
2018-12-10,22:30:00,7.1,0,SSW,0,90,1028.3,0.1,0,58.4,0,0,night_time/dry
2018-12-10,23:00:00,7.2,0,SSW,0,90,1028.1,-0.1,0,58.4,0,0,night_time/dry
2018-12-10,23:30:00,7.2,1,SSW,0.2,90,1028.1,-0.2,0,58.4,0,0,night_time/dry
2018-12-11,00:00:00,6.9,2,SSW,0.3,90,1027.7,-0.5,0,58.4,0,0,night_time/dry
2018-12-11,00:30:00,6.5,1,SSW,0.2,91,1027.1,-1,0,58.4,0,0,night_time/dry
2018-12-11,01:00:00,6.2,1,SSW,1,91,1026.8,-0.9,0,58.4,0,0,night_time/dry
2018-12-11,01:30:00,5.9,0,SSW,0,91,1026.6,-0.6,0,58.4,0,0,night_time/dry
2018-12-11,02:00:00,5.5,0,SSW,0,91,1026.6,-0.1,0,58.4,0,0,night_time/dry
2018-12-11,02:30:00,5.4,1,SSW,0.3,92,1026.4,-0.2,0,58.4,0,0,night_time/dry
2018-12-11,03:00:00,5.6,4,S,1.3,93,1026.2,-0.4,0,58.4,0,0,night_time/dry
2018-12-11,03:30:00,5.3,0,S,0,93,1026,-0.4,0,58.4,0,0,night_time/dry
2018-12-11,04:00:00,5,2,S,0.3,93,1025.6,-0.6,0,58.4,0,0,night_time/dry
2018-12-11,04:30:00,4.9,0,S,0,93,1025.4,-0.6,0,58.4,0,0,night_time/dry
2018-12-11,05:00:00,4.5,1,SE,1.2,93,1025.4,-0.2,0,58.4,0,0,night_time/dry
2018-12-11,05:30:00,3.8,0,SE,0,93,1025.4,-0.1,0,58.4,0,0,night_time/dry
2018-12-11,06:00:00,3.4,0,SE,0,93,1025.2,-0.3,0,58.4,0,0,night_time/dry
2018-12-11,06:30:00,3.1,0,SE,0,93,1025.1,-0.3,0,58.4,0,0,night_time/dry
2018-12-11,07:00:00,3.5,2,SE,1.2,94,1025.1,0,0,58.4,0,0,night_time/dry
2018-12-11,07:30:00,4,2,SE,0.8,94,1025.1,-0.1,0,58.4,0,0,night_time/dry
2018-12-11,08:00:00,4.9,4,SSW,1.3,95,1025.1,0,0,58.4,0,0,night_time/dry
2018-12-11,08:30:00,5.1,6,SSE,3.6,95,1025.2,0.2,0,58.4,9,0,dawn/dry
2018-12-11,09:00:00,5.4,4,SE,0.1,95,1025.1,0,0,58.4,21,0,cloudy/dry
2018-12-11,09:30:00,5.7,4,SSE,1.8,95,1025.2,-0.1,0,58.4,30,0,mainly_cloudy/dry
2018-12-11,10:00:00,6.1,4,SE,0.7,96,1024.8,-0.4,0,58.4,46,0,cloudy/dry
2018-12-11,10:30:00,6.4,4,SSE,2.9,95,1024.7,-0.5,0,58.4,79,0,partly_cloudy/dry
2018-12-11,11:00:00,6.8,4,SSE,2.2,96,1024.5,-0.3,0,58.4,58,0,mainly_cloudy/dry
2018-12-11,11:30:00,7.3,6,SE,4.3,96,1024,-0.7,0,58.4,111,0,partly_cloudy/dry
2018-12-11,12:00:00,7.9,6,SE,1.8,95,1023.6,-0.7,0,58.4,98,0,partly_cloudy/dry
2018-12-11,12:30:00,8.1,4,SSE,1.3,94,1023.4,-0.6,0,58.4,86,0,cloudy/dry
2018-12-11,13:00:00,8.4,7,SSE,4.8,93,1023.2,-0.5,0,58.4,69,0,mainly_cloudy/dry
2018-12-11,13:30:00,8.8,6,SSE,4.9,91,1022.9,-0.5,0,58.4,72,0,cloudy/dry
2018-12-11,14:00:00,8.9,8,SE,4.3,90,1022.5,-0.8,0,58.4,32,0,overcast/dry
2018-12-11,14:30:00,9.1,7,ESE,5.9,89,1022.3,-0.6,0,58.4,14,0,overcast/dry
2018-12-11,15:00:00,9.1,8,SSE,4.4,89,1021.9,-0.5,0,58.4,14,0,overcast/dry
2018-12-11,15:30:00,9.1,7,ESE,3.3,89,1021.9,-0.3,0,58.4,0,0,overcast/dry
2018-12-11,16:00:00,9.1,5,S,4.6,90,1021.4,-0.6,0,58.4,0,0,dusk/dry
2018-12-11,16:30:00,8.9,6,SE,6.1,90,1021.2,-0.7,0,58.4,0,0,night_time/dry
2018-12-11,17:00:00,8.7,9,ESE,4.1,90,1021.4,0,0,58.4,0,0,night_time/dry
2018-12-11,17:30:00,8.7,8,SE,3.8,91,1021.3,0.1,0,58.4,0,0,night_time/dry
2018-12-11,18:00:00,8.6,10,ESE,4.4,91,1021.2,-0.1,0,58.4,0,0,night_time/dry
2018-12-11,18:30:00,8.6,7,ESE,5.3,91,1021.3,0,0,58.4,0,0,night_time/dry
2018-12-11,19:00:00,8.4,7,E,3.6,91,1021.3,0,0,58.4,0,0,night_time/dry
2018-12-11,19:30:00,8.2,8,SE,4.3,91,1021,-0.3,0,58.4,0,0,night_time/dry
2018-12-11,20:00:00,8.1,8,ESE,3.6,91,1021,-0.2,0,58.4,0,0,night_time/dry
2018-12-11,20:30:00,8,4,SE,4.4,91,1020.9,-0.2,0,58.4,0,0,night_time/dry
2018-12-11,21:00:00,7.8,4,SE,4.9,91,1020.8,-0.3,0,58.4,0,0,night_time/dry
2018-12-11,21:30:00,7.7,7,ESE,4.7,91,1020.6,-0.3,0,58.4,0,0,night_time/dry
2018-12-11,22:00:00,7.6,8,ESE,4.1,91,1020.7,-0.1,0,58.4,0,0,night_time/dry
2018-12-11,22:30:00,7.7,8,SE,3.7,91,1020.6,0,0,58.4,0,0,night_time/dry
2018-12-11,23:00:00,7.9,8,SE,3.5,90,1020.6,-0.1,0,58.4,0,0,night_time/dry
2018-12-11,23:30:00,7.8,2,ESE,2,90,1020.8,0.1,0,58.4,0,0,night_time/dry
2018-12-12,00:00:00,7.7,6,ESE,3.1,90,1020.7,0,0,58.4,0,0,night_time/dry
2018-12-12,00:30:00,7.6,8,ESE,3.6,90,1020.4,-0.3,0,58.4,0,0,night_time/dry
2018-12-12,01:00:00,7.6,4,SE,3.6,90,1020.5,-0.1,0,58.4,0,0,night_time/dry
2018-12-12,01:30:00,7.4,4,ESE,2,90,1020.3,-0.2,0,58.4,0,0,night_time/dry
2018-12-12,02:00:00,7.2,4,E,3.9,90,1020.3,-0.3,0,58.4,0,0,night_time/dry
2018-12-12,02:30:00,7.2,4,E,2.6,91,1020.3,0,0,58.4,0,0,night_time/dry
2018-12-12,03:00:00,7.3,8,ESE,3.1,91,1020.1,-0.2,0,58.4,0,0,night_time/dry
2018-12-12,03:30:00,7.2,5,SE,2.6,91,1019.8,-0.3,0,58.4,0,0,night_time/dry
2018-12-12,04:00:00,7.2,6,ESE,2.9,91,1020,-0.1,0,58.4,0,0,night_time/dry
2018-12-12,04:30:00,6.8,4,E,3,91,1019.9,-0.1,0,58.4,0,0,night_time/dry
2018-12-12,05:00:00,6.6,5,E,2.6,91,1019.8,-0.2,0,58.4,0,0,night_time/dry
2018-12-12,05:30:00,6.6,7,ESE,3.5,91,1019.5,-0.3,0,58.4,0,0,night_time/dry
2018-12-12,06:00:00,6.6,2,SW,1,92,1019.9,0.2,0,58.4,0,0,night_time/dry
2018-12-12,06:30:00,6.6,4,E,1.2,92,1019.9,0.3,0,58.4,0,0,night_time/dry
2018-12-12,07:00:00,7,8,SE,4.4,91,1019.9,0,0,58.4,0,0,night_time/dry
2018-12-12,07:30:00,6.9,10,SSE,5.4,90,1020.2,0.2,0,58.4,0,0,night_time/dry
2018-12-12,08:00:00,6.8,4,SE,2.4,90,1020.4,0.5,0,58.4,0,0,night_time/dry
2018-12-12,08:30:00,6.6,6,E,2.6,90,1020.5,0.4,0,58.4,11,0,dawn/dry
2018-12-12,09:00:00,6.4,7,ENE,3,91,1020.5,0.1,0,58.4,26,0,partly_cloudy/dry
2018-12-12,09:30:00,6.6,5,ESE,3,91,1020.6,0.2,0,58.4,40,0,partly_cloudy/dry
2018-12-12,10:00:00,7.1,8,SE,5.8,91,1020.6,0.1,0,58.4,90,0,sunny/dry
2018-12-12,10:30:00,7.8,14,ESE,9.5,87,1020.6,-0.1,0,58.4,179,0,sunny/dry
2018-12-12,11:00:00,7.9,12,SE,8.5,84,1020.4,-0.2,0,58.4,81,0,cloudy/dry
2018-12-12,11:30:00,7.9,13,E,7.8,84,1019.9,-0.6,0,58.4,93,0,cloudy/dry
2018-12-12,12:00:00,8.2,13,ESE,7.1,82,1019.9,-0.5,0,58.4,84,0,cloudy/dry
2018-12-12,12:30:00,8.3,13,ESE,5.4,82,1019.6,-0.4,0,58.4,97,0,cloudy/windy
2018-12-12,13:00:00,8.6,8,ESE,7.2,79,1019.3,-0.5,0,58.4,116,0,partly_cloudy/dry
2018-12-12,13:30:00,8.5,14,E,5.8,75,1019.2,-0.4,0,58.4,70,0,cloudy/windy
2018-12-12,14:00:00,8.3,14,SE,9.4,74,1019,-0.3,0,58.4,67,0,cloudy/dry
2018-12-12,14:30:00,8.2,12,E,8.2,75,1018.8,-0.4,0,58.4,39,0,mainly_cloudy/dry
2018-12-12,15:00:00,7.8,13,E,8.4,76,1018.5,-0.6,0,58.4,18,0,mainly_cloudy/dry
2018-12-12,15:30:00,7.6,9,ESE,6.1,75,1018.3,-0.5,0,58.4,12,0,cloudy/dry
2018-12-12,16:00:00,7.2,13,E,10.8,75,1017.9,-0.5,0,58.4,0,0,dusk/dry
2018-12-12,16:30:00,6.7,12,ENE,5.9,79,1017.7,-0.5,0,58.4,0,0,night_time/dry
2018-12-12,17:00:00,6.2,16,SE,12.4,77,1017.8,-0.2,0,58.4,0,0,night_time/dry
2018-12-12,17:30:00,5.8,13,ESE,9.3,78,1017.8,0.1,0,58.4,0,0,night_time/dry
2018-12-12,18:00:00,5.9,12,ESE,8.3,78,1017.4,-0.4,0,58.4,0,0,night_time/dry
2018-12-12,18:30:00,5.8,12,ESE,8.4,79,1017,-0.8,0,58.4,0,0,night_time/windy
2018-12-12,19:00:00,5.8,20,SE,12.8,77,1016.7,-0.6,0,58.4,0,0,night_time/windy
2018-12-12,19:30:00,5.8,10,SSE,7,74,1016.8,-0.1,0,58.4,0,0,night_time/dry
2018-12-12,20:00:00,5.5,14,SE,7.1,74,1016.4,-0.5,0,58.4,0,0,night_time/dry
2018-12-12,20:30:00,5.3,14,SE,8.1,74,1016.2,-0.7,0,58.4,0,0,night_time/dry
2018-12-12,21:00:00,4.9,12,SE,8.1,76,1016.3,0,0,58.4,0,0,night_time/dry
2018-12-12,21:30:00,4.6,12,E,6.7,76,1016,-0.1,0,58.4,0,0,night_time/dry
2018-12-12,22:00:00,4.2,12,ESE,9.1,77,1015.9,-0.5,0,58.4,0,0,night_time/dry
2018-12-12,22:30:00,4.1,10,E,4.8,78,1015.9,-0.1,0,58.4,0,0,night_time/dry
2018-12-12,23:00:00,3.9,10,E,4.7,78,1015.3,-0.5,0,58.4,0,0,night_time/dry
2018-12-12,23:30:00,3.8,7,E,3.3,77,1015.1,-0.8,0,58.4,0,0,night_time/dry
2018-12-13,00:00:00,3.7,8,ESE,6.9,77,1014.7,-0.6,0,58.4,0,0,night_time/dry
2018-12-13,00:30:00,3.7,14,ESE,6.1,77,1014.5,-0.6,0,58.4,0,0,night_time/dry
2018-12-13,01:00:00,3.8,16,ENE,7.1,76,1014.4,-0.4,0,58.4,0,0,night_time/dry
2018-12-13,01:30:00,3.8,13,E,7.1,77,1014.3,-0.3,0,58.4,0,0,night_time/dry
2018-12-13,02:00:00,3.8,14,ESE,6.3,78,1014.2,-0.2,0,58.4,0,0,night_time/dry
2018-12-13,02:30:00,3.8,12,ESE,9.4,78,1013.7,-0.5,0,58.4,0,0,night_time/dry
2018-12-13,03:00:00,3.7,12,ESE,9.7,79,1013.4,-0.8,0,58.4,0,0,night_time/dry
2018-12-13,03:30:00,3.8,14,E,7.7,79,1013,-0.8,0,58.4,0,0,night_time/dry
2018-12-13,04:00:00,3.8,9,ESE,4.6,80,1013.3,-0.1,0,58.4,0,0,night_time/dry
2018-12-13,04:30:00,3.9,12,ESE,7.7,81,1013.3,0.4,0,58.4,0,0,night_time/dry
2018-12-13,05:00:00,4.1,12,ESE,8.9,82,1013.3,0,0,58.4,0,0,night_time/dry
2018-12-13,05:30:00,4.1,12,E,6.9,82,1013.2,-0.1,0,58.4,0,0,night_time/dry
2018-12-13,06:00:00,4.1,9,E,4.7,82,1013.3,0,0,58.4,0,0,night_time/dry
2018-12-13,06:30:00,3.3,10,E,6.6,84,1013.2,0,0,58.4,0,0,night_time/dry
2018-12-13,07:00:00,3.2,12,E,7.4,86,1013.4,0.1,0,58.4,0,0,night_time/dry
2018-12-13,07:30:00,3.3,8,E,6.4,86,1013.6,0.3,0,58.4,0,0,night_time/dry
2018-12-13,08:00:00,3.3,15,E,9,86,1013.9,0.5,0,58.4,5,0,night_time/dry
2018-12-13,08:30:00,3.3,9,E,7.7,86,1014.2,0.6,0,58.4,7,0,dawn/dry
2018-12-13,09:00:00,3.2,12,E,6.1,85,1014.5,0.7,0,58.4,26,0,sunny/dry
2018-12-13,09:30:00,3.3,12,E,4.1,85,1014.5,0.4,0,58.4,60,0,sunny/dry
2018-12-13,10:00:00,3.4,12,ESE,7.1,85,1014.8,0.2,0,58.4,79,0,sunny/dry
2018-12-13,10:30:00,3.7,12,E,8.1,84,1015,0.5,0,58.4,98,0,sunny/dry
2018-12-13,11:00:00,4,12,ESE,6.4,83,1014.9,0.2,0,58.4,95,0,partly_cloudy/dry
2018-12-13,11:30:00,4.5,12,ESE,10.6,80,1014.8,-0.2,0,58.4,104,0,cloudy/dry
2018-12-13,12:00:00,4.7,13,SE,10.7,79,1015,0,0,58.4,120,0.5,partly_cloudy/dry
2018-12-13,12:30:00,4.6,13,SSE,6.9,81,1015,0.1,0,58.4,153,0.5,sunny/dry
